Datetime,Tweet Id,Text,Hashtags
2021-04-21 20:31:56,1384968164266610688,Gurugram: 8 Covid-19 deaths in 2 days but 106 cremations performed https://t.co/Yujh0bRgt9,[]
2021-04-21 20:31:43,1384968108092297216,"@sonalgoelias 
Mam, Hope you are fine. Never get your moral down,just because of Covid-19.
Just remembered those days while you were preparing for the civil services. 
If you cracked the examination. You can crack corona too. 
Try to listen music, it will surely work",[]
2021-04-21 20:31:37,1384968083106893830,A loud shout out to @awwwnchal for doing such a fabulous job of curating verified Covid resources. Youâ€™ve paid it forward! Keep it up! Thank you!,[]
2021-04-21 20:31:36,1384968080091123715,"India has crossed 300000 cases of Covid-19.

Please wear mask and maintain social distancing.",[]
2021-04-21 20:31:26,1384968037158330369,"Ø­Ø¯Ø« | ØªØ¹Ù„Ù† #ÙˆØ²Ø§Ø±Ø©_Ø§Ù„ØµØ­Ø© Ø¹Ù† ØªØ£ÙƒÙŠØ¯ Ø¥ØµØ§Ø¨Ø© 1,439 Ø­Ø§Ù„Ø© Ø¬Ø¯ÙŠØ¯Ø©ØŒ ÙˆØªØ³Ø¬ÙŠÙ„ 1,354 Ø­Ø§Ù„Ø© Ø´ÙØ§Ø¡ØŒ Ùˆ 14 Ø­Ø§Ù„Ø© ÙˆÙØ§Ø© Ø¬Ø¯ÙŠØ¯Ø© Ø¨Ù€ #ÙÙŠØ±ÙˆØ³_ÙƒÙˆØ±ÙˆÙ†Ø§_Ø§Ù„Ù…Ø³ØªØ¬Ø¯Ù‘ COVID-19 https://t.co/f90dlF0ytG","[{'text': 'ÙˆØ²Ø§Ø±Ø©_Ø§Ù„ØµØ­Ø©', 'indices': [11, 23]}, {'text': 'ÙÙŠØ±ÙˆØ³_ÙƒÙˆØ±ÙˆÙ†Ø§_Ø§Ù„Ù…Ø³ØªØ¬Ø¯Ù‘', 'indices': [105, 127]}]"
2021-04-21 20:31:23,1384968027062611973,Urgently required icu bed with ventilator for covid positive pateint spo2 level 60% very serious condition. Care taker no 9483078635 syed abrar. Of anyone can arrange pls help @srinivasiyc @srivatsayb @IYC patient presently in st John's hospital wit no icu bed available..,[]
2021-04-21 20:31:23,1384968026525782017,"Maharashtra announces stricter COVID-19 curbs: Cap on marriage gatherings, new rules for officesÂ [DETAILS] https://t.co/oy25NzExYh",[]
2021-04-21 20:31:21,1384968018074251268,"ØªØ¹Ù„Ù† #ÙˆØ²Ø§Ø±Ø©_Ø§Ù„ØµØ­Ø© Ø¹Ù† ØªØ£ÙƒÙŠØ¯ Ø¥ØµØ§Ø¨Ø© 1,439 Ø­Ø§Ù„Ø© Ø¬Ø¯ÙŠØ¯Ø©ØŒ ÙˆØªØ³Ø¬ÙŠÙ„ 1,354 Ø­Ø§Ù„Ø© Ø´ÙØ§Ø¡ØŒ Ùˆ 14 Ø­Ø§Ù„Ø© ÙˆÙØ§Ø© Ø¬Ø¯ÙŠØ¯Ø© Ø¨Ù€ #ÙÙŠØ±ÙˆØ³_ÙƒÙˆØ±ÙˆÙ†Ø§_Ø§Ù„Ù…Ø³ØªØ¬Ø¯Ù‘ COVID-19 ØŒ Ù„ÙŠØµØ¨Ø­ Ø¥Ø¬Ù…Ø§Ù„ÙŠ Ø¹Ø¯Ø¯ Ø§Ù„Ø­Ø§Ù„Ø§Øª 261,307 Ø­Ø§Ù„Ø© https://t.co/FRiSGPYTKx","[{'text': 'ÙˆØ²Ø§Ø±Ø©_Ø§Ù„ØµØ­Ø©', 'indices': [5, 17]}, {'text': 'ÙÙŠØ±ÙˆØ³_ÙƒÙˆØ±ÙˆÙ†Ø§_Ø§Ù„Ù…Ø³ØªØ¬Ø¯Ù‘', 'indices': [99, 121]}]"
2021-04-21 20:31:15,1384967991109079045,"ØªØ¹Ù„Ù† #ÙˆØ²Ø§Ø±Ø©_Ø§Ù„ØµØ­Ø© Ø¹Ù† ØªØ£ÙƒÙŠØ¯ Ø¥ØµØ§Ø¨Ø© 1,439 Ø­Ø§Ù„Ø© Ø¬Ø¯ÙŠØ¯Ø©ØŒ ÙˆØªØ³Ø¬ÙŠÙ„ 1,354 Ø­Ø§Ù„Ø© Ø´ÙØ§Ø¡ØŒ Ùˆ 14 Ø­Ø§Ù„Ø© ÙˆÙØ§Ø© Ø¬Ø¯ÙŠØ¯Ø© Ø¨Ù€ #ÙÙŠØ±ÙˆØ³_ÙƒÙˆØ±ÙˆÙ†Ø§_Ø§Ù„Ù…Ø³ØªØ¬Ø¯Ù‘ COVID-19 ØŒ Ù„ÙŠØµØ¨Ø­ Ø¥Ø¬Ù…Ø§Ù„ÙŠ Ø¹Ø¯Ø¯ Ø§Ù„Ø­Ø§Ù„Ø§Øª 261,307 Ø­Ø§Ù„Ø© https://t.co/8aCMhk0LYX","[{'text': 'ÙˆØ²Ø§Ø±Ø©_Ø§Ù„ØµØ­Ø©', 'indices': [5, 17]}, {'text': 'ÙÙŠØ±ÙˆØ³_ÙƒÙˆØ±ÙˆÙ†Ø§_Ø§Ù„Ù…Ø³ØªØ¬Ø¯Ù‘', 'indices': [99, 121]}]"
2021-04-21 20:31:13,1384967982191976449,"#Ø®Ù„Ù_Ø§Ù„ÙƒÙˆØ§Ù„ÙŠØ³ | ØªØ¹Ù„Ù† #ÙˆØ²Ø§Ø±Ø©_Ø§Ù„ØµØ­Ø© Ø¹Ù† ØªØ£ÙƒÙŠØ¯ Ø¥ØµØ§Ø¨Ø© 1,439 Ø­Ø§Ù„Ø© Ø¬Ø¯ÙŠØ¯Ø©ØŒ ÙˆØªØ³Ø¬ÙŠÙ„ 1,354 Ø­Ø§Ù„Ø© Ø´ÙØ§Ø¡ØŒ Ùˆ 14 Ø­Ø§Ù„Ø© ÙˆÙØ§Ø© Ø¬Ø¯ÙŠØ¯Ø© Ø¨Ù€ #ÙÙŠØ±ÙˆØ³_ÙƒÙˆØ±ÙˆÙ†Ø§_Ø§Ù„Ù…Ø³ØªØ¬Ø¯Ù‘ COVID-19 ØŒ Ù„ÙŠØµØ¨Ø­ Ø¥Ø¬Ù…Ø§Ù„ÙŠ Ø¹Ø¯Ø¯ Ø§Ù„Ø­Ø§Ù„Ø§Øª 261,307 Ø­Ø§Ù„Ø©

@KUWAIT_MOH https://t.co/zoPtv9hmHF","[{'text': 'Ø®Ù„Ù_Ø§Ù„ÙƒÙˆØ§Ù„ÙŠØ³', 'indices': [0, 13]}, {'text': 'ÙˆØ²Ø§Ø±Ø©_Ø§Ù„ØµØ­Ø©', 'indices': [21, 33]}, {'text': 'ÙÙŠØ±ÙˆØ³_ÙƒÙˆØ±ÙˆÙ†Ø§_Ø§Ù„Ù…Ø³ØªØ¬Ø¯Ù‘', 'indices': [115, 137]}]"
2021-04-21 20:31:07,1384967959005827072,"ØªØ¹Ù„Ù† #ÙˆØ²Ø§Ø±Ø©_Ø§Ù„ØµØ­Ø© Ø¹Ù† ØªØ£ÙƒÙŠØ¯ Ø¥ØµØ§Ø¨Ø© 1,439 Ø­Ø§Ù„Ø© Ø¬Ø¯ÙŠØ¯Ø©ØŒ ÙˆØªØ³Ø¬ÙŠÙ„ 1,354 Ø­Ø§Ù„Ø© Ø´ÙØ§Ø¡ØŒ Ùˆ 14 Ø­Ø§Ù„Ø© ÙˆÙØ§Ø© Ø¬Ø¯ÙŠØ¯Ø© Ø¨Ù€ #ÙÙŠØ±ÙˆØ³_ÙƒÙˆØ±ÙˆÙ†Ø§_Ø§Ù„Ù…Ø³ØªØ¬Ø¯Ù‘ COVID-19 ØŒ Ù„ÙŠØµØ¨Ø­ Ø¥Ø¬Ù…Ø§Ù„ÙŠ Ø¹Ø¯Ø¯ Ø§Ù„Ø­Ø§Ù„Ø§Øª 261,307 Ø­Ø§Ù„Ø© https://t.co/8oaV0x2rs5","[{'text': 'ÙˆØ²Ø§Ø±Ø©_Ø§Ù„ØµØ­Ø©', 'indices': [5, 17]}, {'text': 'ÙÙŠØ±ÙˆØ³_ÙƒÙˆØ±ÙˆÙ†Ø§_Ø§Ù„Ù…Ø³ØªØ¬Ø¯Ù‘', 'indices': [99, 121]}]"
2021-04-21 20:31:03,1384967940223688706,"ØªØ¹Ù„Ù† #ÙˆØ²Ø§Ø±Ø©_Ø§Ù„ØµØ­Ø© Ø¹Ù† ØªØ£ÙƒÙŠØ¯ Ø¥ØµØ§Ø¨Ø© 1,439 Ø­Ø§Ù„Ø© Ø¬Ø¯ÙŠØ¯Ø©ØŒ ÙˆØªØ³Ø¬ÙŠÙ„ 1,354 Ø­Ø§Ù„Ø© Ø´ÙØ§Ø¡ØŒ Ùˆ 14 Ø­Ø§Ù„Ø© ÙˆÙØ§Ø© Ø¬Ø¯ÙŠØ¯Ø© Ø¨Ù€ #ÙÙŠØ±ÙˆØ³_ÙƒÙˆØ±ÙˆÙ†Ø§_Ø§Ù„Ù…Ø³ØªØ¬Ø¯Ù‘ COVID-19 ØŒ Ù„ÙŠØµØ¨Ø­ Ø¥Ø¬Ù…Ø§Ù„ÙŠ Ø¹Ø¯Ø¯ Ø§Ù„Ø­Ø§Ù„Ø§Øª 261,307 Ø­Ø§Ù„Ø© https://t.co/h6BChS2cIW","[{'text': 'ÙˆØ²Ø§Ø±Ø©_Ø§Ù„ØµØ­Ø©', 'indices': [5, 17]}, {'text': 'ÙÙŠØ±ÙˆØ³_ÙƒÙˆØ±ÙˆÙ†Ø§_Ø§Ù„Ù…Ø³ØªØ¬Ø¯Ù‘', 'indices': [99, 121]}]"
2021-04-21 20:30:50,1384967889573367810,"@Paras81 @SatyendarJain @ArvindKejriwal @p_sahibsingh Please try here if possible.
 There are Covid Beds not sure about Oxygen. 

https://t.co/7L2jN50Pjv",[]
2021-04-21 20:30:48,1384967878785617931,@rohini_sgh @srinivasiyc There is no need to rush for favipiravir ma'am. Favipiravir has been found to have no role in the treatment of covid,[]
2021-04-21 20:30:43,1384967857797279744,"Sad to hear the news that Maulana Wahiduddin Khan has passed away due to covid complications at the age of 96. May Allah forgive his sins and increase him in ranks in Jannah for his countless contributions for Deen.

#wahiduddinkhan","[{'text': 'wahiduddinkhan', 'indices': [217, 232]}]"
2021-04-21 20:30:28,1384967794438049795,"ØªØ¹Ù„Ù† #ÙˆØ²Ø§Ø±Ø©_Ø§Ù„ØµØ­Ø© Ø¹Ù† ØªØ£ÙƒÙŠØ¯ Ø¥ØµØ§Ø¨Ø© 1,439 Ø­Ø§Ù„Ø© Ø¬Ø¯ÙŠØ¯Ø©ØŒ ÙˆØªØ³Ø¬ÙŠÙ„ 1,354 Ø­Ø§Ù„Ø© Ø´ÙØ§Ø¡ØŒ Ùˆ 14 Ø­Ø§Ù„Ø© ÙˆÙØ§Ø© Ø¬Ø¯ÙŠØ¯Ø© Ø¨Ù€ #ÙÙŠØ±ÙˆØ³_ÙƒÙˆØ±ÙˆÙ†Ø§_Ø§Ù„Ù…Ø³ØªØ¬Ø¯Ù‘ COVID-19 ØŒ Ù„ÙŠØµØ¨Ø­ Ø¥Ø¬Ù…Ø§Ù„ÙŠ Ø¹Ø¯Ø¯ Ø§Ù„Ø­Ø§Ù„Ø§Øª 261,307 Ø­Ø§Ù„Ø© https://t.co/8jyPAwACMz","[{'text': 'ÙˆØ²Ø§Ø±Ø©_Ø§Ù„ØµØ­Ø©', 'indices': [5, 17]}, {'text': 'ÙÙŠØ±ÙˆØ³_ÙƒÙˆØ±ÙˆÙ†Ø§_Ø§Ù„Ù…Ø³ØªØ¬Ø¯Ù‘', 'indices': [99, 121]}]"
2021-04-21 20:30:24,1384967779242151939,"â€˜The system has collapsedâ€™: Indiaâ€™s descent into Covid hell   
#COVIDEmergency2021 #COVID19India #COVID19Vaccine 
https://t.co/y9ti4jedXq","[{'text': 'COVIDEmergency2021', 'indices': [63, 82]}, {'text': 'COVID19India', 'indices': [83, 96]}, {'text': 'COVID19Vaccine', 'indices': [97, 112]}]"
2021-04-21 20:30:21,1384967767405862915,"ØªØ¹Ù„Ù† #ÙˆØ²Ø§Ø±Ø©_Ø§Ù„ØµØ­Ø© Ø¹Ù† ØªØ£ÙƒÙŠØ¯ Ø¥ØµØ§Ø¨Ø© 1,439 Ø­Ø§Ù„Ø© Ø¬Ø¯ÙŠØ¯Ø©ØŒ ÙˆØªØ³Ø¬ÙŠÙ„ 1,354 Ø­Ø§Ù„Ø© Ø´ÙØ§Ø¡ØŒ Ùˆ 14 Ø­Ø§Ù„Ø© ÙˆÙØ§Ø© Ø¬Ø¯ÙŠØ¯Ø© Ø¨Ù€ #ÙÙŠØ±ÙˆØ³_ÙƒÙˆØ±ÙˆÙ†Ø§_Ø§Ù„Ù…Ø³ØªØ¬Ø¯Ù‘ COVID-19 ØŒ Ù„ÙŠØµØ¨Ø­ Ø¥Ø¬Ù…Ø§Ù„ÙŠ Ø¹Ø¯Ø¯ Ø§Ù„Ø­Ø§Ù„Ø§Øª 261,307 Ø­Ø§Ù„Ø© https://t.co/fX2YBg689t","[{'text': 'ÙˆØ²Ø§Ø±Ø©_Ø§Ù„ØµØ­Ø©', 'indices': [5, 17]}, {'text': 'ÙÙŠØ±ÙˆØ³_ÙƒÙˆØ±ÙˆÙ†Ø§_Ø§Ù„Ù…Ø³ØªØ¬Ø¯Ù‘', 'indices': [99, 121]}]"
2021-04-21 20:30:19,1384967758073536512,@RahulGandhi Tumhein covid hogaya tha na??? Oxy cylinder leke Italy kyun nahi bhaage tum??? Covid hone ke baad i heard thrs exhaustion &amp; breathing issues... but tum toh tweet kar rahe ho every couple of hrs I suppose... baat kya hai??? Bhagode #Roflgandhi ğŸ¤¨ğŸ¤·ğŸ»â€â™€ï¸,"[{'text': 'Roflgandhi', 'indices': [248, 259]}]"
2021-04-21 20:30:19,1384967755481366535,"https://t.co/UdUB8RcfWu ['Modi's Leadership Main Reason for COVID Mishandling, He's a Megalomaniac': Ramachandra Guha] is good,have a look at it! https://t.co/mvALEzMiTq",[]
2021-04-21 20:30:18,1384967754290286598,@flomattressin I can understand the situation in Covid 19 but without mattress it's difficult to have sleep every day. In priority basis try to dispatch the new one as till date the transportation is allowed if that also get locked then it will be very difficult for me,[]
2021-04-21 20:30:13,1384967731590713351,@DCPNWestDelhi  Sample collection help required all lab slots are blocked. Please help. @DelhiPolice covid symptoms need to confirm to start medication.,[]
2021-04-21 20:30:11,1384967724632322048,"WATCH | Trade situation  in #Guwahati after the #COVID-19 restrictions 

For full video - https://t.co/6NiUTaIAmq https://t.co/ajP2mqLMje","[{'text': 'Guwahati', 'indices': [28, 37]}, {'text': 'COVID', 'indices': [48, 54]}]"
2021-04-21 20:30:06,1384967703157432331,"Roommate from first year texted me, he lost his mum due to COVID. I have literally no words.",[]
2021-04-21 20:30:01,1384967683859521537,Last week a very close friend of mine lost her father because of covid and now another close friend's mother is critical because of covid. She's in hospital. Please take out a second and pray for her health. It would mean alot ğŸ™ğŸ»,[]
2021-04-21 20:30:00,1384967679480455171,"Why India is facing shortage of oxygen during second wave of COVID-19

#COVID19 #COVIDEmergency2021 #COVIDSecondWaveinIndia #COVID 

https://t.co/RGHRX6gnll","[{'text': 'COVID19', 'indices': [71, 79]}, {'text': 'COVIDEmergency2021', 'indices': [80, 99]}, {'text': 'COVIDSecondWaveinIndia', 'indices': [100, 123]}, {'text': 'COVID', 'indices': [124, 130]}]"
2021-04-21 20:30:00,1384967678440345602,"With Covid-19 cases rising sharply in Bengaluru, the city is now facing an acute shortage of Remdesivir. #RE 

https://t.co/79oHJSiXRN","[{'text': 'RE', 'indices': [105, 108]}]"
2021-04-21 20:30:00,1384967678239072258,"Public restrooms are especially cause for concern for transmitting #COVID19 because they are relatively confined, experience heavy foot traffic and may not have adequate ventilation.

#IndiaNarrative

https://t.co/7JDf03uFTr","[{'text': 'COVID19', 'indices': [67, 75]}, {'text': 'IndiaNarrative', 'indices': [184, 199]}]"
2021-04-21 20:30:00,1384967678138490885,"A doctor under treatment for COVID-19 in Mumbai took to Facebook and 36 hours before her death and posted a message.

https://t.co/csAWmyBJjF",[]
2021-04-21 20:30:00,1384967677219794951,"#Advocacy | In this article, Rituparna Sanyal and Shraddha Shrivastava talk about how Indiaâ€™s Public Distribution System was adapted during COVID-19 and what can other social protection schemes learn from it.

https://t.co/IRq8AR6wRY","[{'text': 'Advocacy', 'indices': [0, 9]}]"
2021-04-21 20:30:00,1384967677005897732,"A 16-year-old girl is helping in conducting the last rites for Covid-19 victims and also for those victims who have been abandoned or unidentified.

https://t.co/mr2z4djzoI",[]
2021-04-21 20:30:00,1384967676683079686,"à¤•à¥‹à¤µà¤¿à¤¡-19: à¤ªà¤¹à¤²à¥€ à¤¬à¤¾à¤° à¤¤à¥€à¤¨ à¤²à¤¾à¤– à¤•à¥‡ à¤•à¤¼à¤°à¥€à¤¬ à¤†à¤ à¤¨à¤ à¤®à¤¾à¤®à¤²à¥‡ à¤”à¤° à¤¸à¤°à¥à¤µà¤¾à¤§à¤¿à¤• 2,023 à¤²à¥‹à¤—à¥‹à¤‚ à¤•à¥€ à¤®à¥Œà¤¤ 

#Covid19 #Coronavirus #India #Death #Infection #World #à¤•à¥‹à¤µà¤¿à¤¡19 #à¤•à¥‹à¤°à¥‹à¤¨à¤¾à¤µà¤¾à¤¯à¤°à¤¸ #à¤­à¤¾à¤°à¤¤ #à¤µà¤¿à¤¶à¥à¤µ #à¤¸à¤‚à¤•à¥à¤°à¤®à¤£ #à¤®à¥Œà¤¤

https://t.co/P6UlAyiFaO","[{'text': 'Covid19', 'indices': [81, 89]}, {'text': 'Coronavirus', 'indices': [90, 102]}, {'text': 'India', 'indices': [103, 109]}, {'text': 'Death', 'indices': [110, 116]}, {'text': 'Infection', 'indices': [117, 127]}, {'text': 'World', 'indices': [128, 134]}, {'text': 'à¤•à¥‹à¤µà¤¿à¤¡19', 'indices': [135, 143]}, {'text': 'à¤•à¥‹à¤°à¥‹à¤¨à¤¾à¤µà¤¾à¤¯à¤°à¤¸', 'indices': [144, 156]}, {'text': 'à¤­à¤¾à¤°à¤¤', 'indices': [157, 162]}, {'text': 'à¤µà¤¿à¤¶à¥à¤µ', 'indices': [163, 169]}, {'text': 'à¤¸à¤‚à¤•à¥à¤°à¤®à¤£', 'indices': [170, 178]}, {'text': 'à¤®à¥Œà¤¤', 'indices': [179, 183]}]"
2021-04-21 20:30:00,1384967676649299970,"Action under NSA and Gangster Act against black marketers of oxygen cylinders, Covid-19 medicines, warns UP CM Yogi Adityanath

https://t.co/bpPiTivrJE",[]
2021-04-21 20:29:57,1384967665484193796,"Unfortunately, Twitter is the covid helpline for most Indians. 

#IndianLivesMatter","[{'text': 'IndianLivesMatter', 'indices': [65, 83]}]"
2021-04-21 20:29:48,1384967626489843716,"ØªØ¹Ù„Ù† #ÙˆØ²Ø§Ø±Ø©_Ø§Ù„ØµØ­Ø©â© Ø¹Ù† ØªØ£ÙƒÙŠØ¯ Ø¥ØµØ§Ø¨Ø© 1,439 Ø­Ø§Ù„Ø© Ø¬Ø¯ÙŠØ¯Ø©ØŒ ÙˆØªØ³Ø¬ÙŠÙ„ 1,354 Ø­Ø§Ù„Ø© Ø´ÙØ§Ø¡ØŒ Ùˆ 14 Ø­Ø§Ù„Ø© ÙˆÙØ§Ø© Ø¬Ø¯ÙŠØ¯Ø© Ø¨Ù€ â§#ÙÙŠØ±ÙˆØ³_ÙƒÙˆØ±ÙˆÙ†Ø§_Ø§Ù„Ù…Ø³ØªØ¬Ø¯Ù‘â© COVID-19 ØŒ Ù„ÙŠØµØ¨Ø­ Ø¥Ø¬Ù…Ø§Ù„ÙŠ Ø¹Ø¯Ø¯ Ø§Ù„Ø­Ø§Ù„Ø§Øª 261,307 Ø­Ø§Ù„Ø© https://t.co/bob5zJ7W6r","[{'text': 'ÙˆØ²Ø§Ø±Ø©_Ø§Ù„ØµØ­Ø©', 'indices': [5, 17]}, {'text': 'ÙÙŠØ±ÙˆØ³_ÙƒÙˆØ±ÙˆÙ†Ø§_Ø§Ù„Ù…Ø³ØªØ¬Ø¯Ù‘', 'indices': [101, 123]}]"
2021-04-21 20:29:47,1384967624669515777,"Yana ko'p joylarda karantin boshlandi menimcha COVID-19 PRO
ChiqdiğŸ¦ ",[]
2021-04-21 20:29:40,1384967593547685898,2nd wave of COVID: Check these latest banking rules before visiting yourÂ branch https://t.co/vB7nJety1Q,[]
2021-04-21 20:29:37,1384967580574699523,@DelhiPolice @msisodia @ArvindKejriwal @SatyendarJain A dental hospital in Madipur Area named Goodwill Charitable Dental has not been following any Covid protocol. Five doctor are Covid positive now. The owner still running the clinic. Kindly help. #SecondCOVIDWave,"[{'text': 'SecondCOVIDWave', 'indices': [249, 265]}]"
2021-04-21 20:29:35,1384967571720609794,"@MeghUpdates Whoever is this tikait...
Useless person ur ....people are dying due to covid, n u b*sta*d playing dirty politics",[]
2021-04-21 20:29:33,1384967566356099075,"@notnotscotty @TheBoydP Exhausted Parent: I would like to donate to help fight kidsâ€™-

Cashier: itâ€™s called COVID #CKMKB","[{'text': 'CKMKB', 'indices': [114, 120]}]"
2021-04-21 20:29:25,1384967532386344966,"à¤‡à¤‚à¤œà¥‡à¤•à¥à¤¶à¤¨ à¤˜à¤° à¤ªà¤° à¤¸à¥à¤Ÿà¥‰à¤• à¤¨à¤¾ à¤•à¤°à¥‡... 
à¤œà¤¿à¤¸à¥‡ à¤†à¤œ à¤œà¤¼à¤°à¥‚à¤°à¤¤ à¤¹à¥ˆ, à¤‰à¤¸à¥‡ à¤ªà¤¹à¥à¤à¤šà¤¾à¤...
à¤†à¤ª à¤•à¤¿à¤¸à¥€ à¤•à¥€ à¤œà¤¾à¤¨ à¤¬à¤šà¤¾ à¤¸à¤•à¤¤à¥‡ à¤¹à¥ˆ

Pls do not stock injections at home...
Give it to the one in need today !!!
You can save someone's life

#Remdisivir #Tocilizumab #covid #injection #COVIDEmergency2021 #coronavirus https://t.co/8ZDJSMCTBJ","[{'text': 'Remdisivir', 'indices': [199, 210]}, {'text': 'Tocilizumab', 'indices': [211, 223]}, {'text': 'covid', 'indices': [224, 230]}, {'text': 'injection', 'indices': [231, 241]}, {'text': 'COVIDEmergency2021', 'indices': [242, 261]}, {'text': 'coronavirus', 'indices': [262, 274]}]"
2021-04-21 20:29:17,1384967496982204427,COVID vaccine scarcity and fake doses hamper efforts inÂ Americas https://t.co/8fCcPgZ8jf,[]
2021-04-21 20:29:17,1384967495354826753,COVID vaccine scarcity and fake doses hamper efforts inÂ Americas https://t.co/0cVdwsmkWq,[]
2021-04-21 20:29:10,1384967468679114763,Roya bhi? #IndianLivesMatter #Covid https://t.co/kIiUQPwF6a,"[{'text': 'IndianLivesMatter', 'indices': [10, 28]}, {'text': 'Covid', 'indices': [29, 35]}]"
2021-04-21 20:29:10,1384967466468708353,"#cancelboardexams2021
Today there are 14159 covid cases in the state, but the state government has neither canceled nor postponed the class 12th. If anything happens to the children, who is responsible for it?
@DrRPNishank @PMOIndia @ChhattisgarhCMO @RahulGandhi @SonuSood https://t.co/Gg8tTYaZTR","[{'text': 'cancelboardexams2021', 'indices': [0, 21]}]"
2021-04-21 20:29:04,1384967444683534340,"INDIA has become the hotspot of COVID. The situation is getting worst and feels like a sad joke!

https://t.co/sjorw3eabr #COVIDEmergency2021 #COVID19India #Covid_19 https://t.co/XqKd5U6ugx","[{'text': 'COVIDEmergency2021', 'indices': [122, 141]}, {'text': 'COVID19India', 'indices': [142, 155]}, {'text': 'Covid_19', 'indices': [156, 165]}]"
2021-04-21 20:28:54,1384967402069413890,"""Blame Officers For My Father's Death"": In UP, Row Over Referral-For-Beds  https://t.co/jWL9mqnL5w",[]
2021-04-21 20:28:47,1384967372642168833,Low level of oxygen in body in this particular situation of #covid_19 positive patient is due to reduced lung capacity Bcz of fibrosis &amp;/or atypical pneumonia. Excercise performed in vedio will improve the lung capacity in mild to moderate cases but not in severe cases. It's good https://t.co/fAy72haaiw,"[{'text': 'covid_19', 'indices': [60, 69]}]"
2021-04-21 20:28:43,1384967354354913283,"This will ensure that the covid patients and their relatives do not have to scramble for information on social media which is mostly not accurate and can waste critical time.
#CoronavirusIndia #Lucknow #UttarPradesh #COVIDEmergency2021 #IndiaFightsCorona #OxygenShortage","[{'text': 'CoronavirusIndia', 'indices': [175, 192]}, {'text': 'Lucknow', 'indices': [193, 201]}, {'text': 'UttarPradesh', 'indices': [202, 215]}, {'text': 'COVIDEmergency2021', 'indices': [216, 235]}, {'text': 'IndiaFightsCorona', 'indices': [236, 254]}, {'text': 'OxygenShortage', 'indices': [255, 270]}]"
2021-04-21 20:28:40,1384967340748587008,@TheSanjivKapoor Serious lack of awareness in India about the catastrophic effects of COVID. This has played the spoilsport since day one.,[]
2021-04-21 20:28:37,1384967329386270724,"@P_jain3384 @aisa_jamia @aisa_delhi @sucheta_ml @AISA_tweets @Arjun_Mehar Here there is no oxygen bed is available, only normal Covid beds were available by 11  PM",[]
2021-04-21 20:28:36,1384967324978098177,"@aarifshaah Any authentic proof please. 
On 19 april 2021 you tweeted a pic which was extracted from ANI NEWS on youtube stating as covid victim
My Authentic resources.  I remember few days before you have tweeted an image extracted for ANI news video on YouTube.
https://t.co/wLOof3gpvqâ˜ºï¸ https://t.co/AMeSwmzT0i",[]
2021-04-21 20:28:30,1384967298256150528,"Just because Iâ€™m not afraid of COVID doesnâ€™t mean I donâ€™t believe in the virus, I do understand the risk but donâ€™t prioritise fear over life",[]
2021-04-21 20:28:24,1384967275485310981,"Visit this to find a Covid Bed for the patient. 
https://t.co/7L2jN50Pjv

@join2manish @palakzat 
Please share this information with your followers. https://t.co/Irt6i0lpQm",[]
2021-04-21 20:28:19,1384967252513017857,"'We have received some information from Mexico, Argentina and Brazil that some doses have been offered through social media, illegal markets offering vaccines that probably are falsifie' - Jarbas Barbosa, assistant director of PAHO. https://t.co/G49tVNuwGC",[]
2021-04-21 20:28:18,1384967251510579202,"For COVID issue in UP, Yogi is responsible but for Maharashtra/Delhi, Modi is responsible ~ Pendulum",[]
2021-04-21 20:28:15,1384967236851544065,@ippatel Covid infection succumbed  your body take care,[]
2021-04-21 20:28:08,1384967206711201792,"Filmmaker @nileshnavalakha  filed a Public Interest Litigation for urgent intervention of #BombayHC to ensure state  gets â€˜adequate supply of the antiviral drug Remdesivir, oxygen, ICUs, also swift penal action to black marketeers, cashless claims for #Covid patients @TOIMumbai","[{'text': 'BombayHC', 'indices': [90, 99]}, {'text': 'Covid', 'indices': [252, 258]}]"
2021-04-21 20:28:05,1384967197383184392,"@khanumarfa @FaheemYounus @BDUTT @thewire_in One more ğŸ¤£ğŸ¤£

https://t.co/RqXXuIv3gY",[]
2021-04-21 20:27:56,1384967157562417157,"Jailed gangster-turned-politician Shahabuddin Covid +ve, admitted to hospital https://t.co/brAN04W9da",[]
2021-04-21 20:27:51,1384967138285428748,"Times of India: Grim record: Over 3.16 lakh new Covid cases in India, highest ever for any country.
https://t.co/jGLSep5WYA",[]
2021-04-21 20:27:49,1384967127107518471,@jksmith34 @Sunil_S_Dahiya It means that even if u hav all symptoms of Covid but no positive report then patient wonâ€™t be admitted .. asymptomatic patients are not being admitted at all as no beds even for critical ones in the hospitals now,[]
2021-04-21 20:27:46,1384967116168835073,All this while both of us are covid+ myself.. I really don't know how much this trauma will be affecting us in future. I am sure my life will never be the same again..,[]
2021-04-21 20:27:37,1384967079745441793,"â€˜Thinking Remdesvir as a miracle cure for COVID is wrong,â€™ says medicalÂ expert https://t.co/Yes86651Vr",[]
2021-04-21 20:27:35,1384967071243587587,"@sachsunny @ANI This time they are talking about remdesivir and covid vaccine, this is different than industrial or medical oxygen ğŸ˜‚ğŸ˜‚ğŸ˜‚ğŸ˜‚

Padega india to aage badega india!",[]
2021-04-21 20:27:25,1384967027157344256,(Mahe ramadan) We pray to Allah to protect all human beings from the disease of covid-19. Please social distancing do your duty. https://t.co/u3gIonzMmL,[]
2021-04-21 20:27:20,1384967005393068032,"I'm Digital Marketer!!
I need a job please help me!!
Follow ğŸ‘‰#itrekhabd
#musician #youtubers #spotifypromotion #AwesomeCamera 
#covid_19 #USA #NewYork","[{'text': 'itrekhabd', 'indices': [61, 71]}, {'text': 'musician', 'indices': [72, 81]}, {'text': 'youtubers', 'indices': [82, 92]}, {'text': 'spotifypromotion', 'indices': [93, 110]}, {'text': 'AwesomeCamera', 'indices': [111, 125]}, {'text': 'covid_19', 'indices': [127, 136]}, {'text': 'USA', 'indices': [137, 141]}, {'text': 'NewYork', 'indices': [142, 150]}]"
2021-04-21 20:27:17,1384966992730406912,"You are able to set the guidelines for COVID-19. Just in the case of Examination there is Code of Conduct. Then why are U even taking decisions for #SecondwaveofCOVID @himantabiswa @sarbanandsonwal 
#WakeUpAssamGovt 
#IndianLivesMatter #BreakTheChain @dna #seba #ahsec  @BJP4Assam","[{'text': 'SecondwaveofCOVID', 'indices': [148, 166]}, {'text': 'WakeUpAssamGovt', 'indices': [199, 215]}, {'text': 'IndianLivesMatter', 'indices': [217, 235]}, {'text': 'BreakTheChain', 'indices': [236, 250]}, {'text': 'seba', 'indices': [256, 261]}, {'text': 'ahsec', 'indices': [262, 268]}]"
2021-04-21 20:27:15,1384966984069156867,"@KreatelyMedia @rksharma5o5o Both covid shield nd covaxin me covid virus ko hi weaker genetic  structure ka leborateries me bnya jta h ,jb ye body me injet kya jta h to hamara immune system easly isko identyfy kr antybodies produce karna shuru kar deta h jo ki covid-19muted virus k groth ko rstrct kr dta h",[]
2021-04-21 20:27:11,1384966971016495105,@BhramarBioStat @Facts_chek Dr Lal path lab said 2-3 days before that government is not allowing the test from last 10 days or so.. So just imagine how much COVID-19 infected people's life's are  in danger..,[]
2021-04-21 20:27:11,1384966967979827200,"@Vagabond184 @ashok099 @FaheemYounus @hussain_imtiyaz What's your experience on vaccine ? 
Are you fairly confident that even if someone catches covid after 2nd shot , it would be mild &amp; not life threatening ?",[]
2021-04-21 20:27:07,1384966950489575425,#Kakashi was prepared for covid - 19 since many years. https://t.co/wMiQrrd84p,"[{'text': 'Kakashi', 'indices': [0, 8]}]"
2021-04-21 20:27:03,1384966935474053122,"Situation is so alarming out there .. please wear masks, stay safe every one ğŸ™ 

#COVID https://t.co/Co6fCQCQn2","[{'text': 'COVID', 'indices': [81, 87]}]"
2021-04-21 20:27:02,1384966932156256263,via â¦@nytimesâ© When the medical system in India says â€˜We canâ€™t Breatheâ€™ #covid  https://t.co/FrrZILCPV1,"[{'text': 'covid', 'indices': [72, 78]}]"
2021-04-21 20:27:02,1384966931250393088,@mumbaimatterz Not surprised to see Gujarat getting so many when 11 other states have more active covid cases? Guess know the reason already,[]
2021-04-21 20:26:58,1384966914779324419,"@mdshiblismarty @akhterzaidi @Shoaib___Ali @Samiullah_inc @hussain_hrw @Khan____INC @MdToush0786 @VinodKu51806624 @samina_fayaz @itsjahir18 This is not a temple, nor to any hindu outfit, not to any statue building still you point out at one construction that was started before covid?

Why such hate and no compassion?

According to you, we should have stopped widening the higways, rail projects, flyovers, Dams etc.,",[]
2021-04-21 20:26:49,1384966874828582912,"#Covid19 #N_Protein ğŸ¯
Vaccines for #Covid_19 targeting N-protein (very similar between different classes of coronaviruses due to its lower rate of mutation) in addition to the #SpikeProtein could be revolutionary in the treatment of #coronavirus 
#COVID19India #TRIM21receptor https://t.co/3zNIye2jUz","[{'text': 'Covid19', 'indices': [0, 8]}, {'text': 'N_Protein', 'indices': [9, 19]}, {'text': 'Covid_19', 'indices': [35, 44]}, {'text': 'SpikeProtein', 'indices': [176, 189]}, {'text': 'coronavirus', 'indices': [233, 245]}, {'text': 'COVID19India', 'indices': [247, 260]}, {'text': 'TRIM21receptor', 'indices': [261, 276]}]"
2021-04-21 20:26:47,1384966869409538050,"@nishma_gandhi @nishadrane97 @ronaksingh_93 @Samriddhi0809 @AAPDelhi Hello nishma_gandhi - If you are looking to connect with a COVID-19 recovered plasma donor, then please refer to the site

Daily COVID-19 trends as of 22 Apr 01AM ğŸ‡®ğŸ‡³:
+ve: 315552ğŸ”¼
Recovery: 179407ğŸ”¼
Death: 2101ğŸ”¼
Tot. Active: 2284248ğŸ”¼
TPR (L7D Avg): 17.8ğŸ”¼

#PlasmaForIndia https://t.co/DLucchTUhi","[{'text': 'PlasmaForIndia', 'indices': [324, 339]}]"
2021-04-21 20:26:36,1384966820885630980,"So many things are going on in india right now , COVID, our people facing problems in mandis but remember hard times sometimes just test your willingness to persist and we need to make sure we keep on raising our voices everyday until we get we are asking #FarmersProtest","[{'text': 'FarmersProtest', 'indices': [256, 271]}]"
2021-04-21 20:26:35,1384966817374933001,"Let's help the needy ones in delhi with verified availability of oxygen cylinder,Remdesivir and for any other Covid-19 related assistance. 
Note:(only verified) ,no forwarded screenshots and text please.
#Remdisivir #OxygenCylinder @ArvindKejriwal #Delhi","[{'text': 'Remdisivir', 'indices': [204, 215]}, {'text': 'OxygenCylinder', 'indices': [216, 231]}, {'text': 'Delhi', 'indices': [248, 254]}]"
2021-04-21 20:26:30,1384966798655856641,Worthy interview: COVID-19ğŸ¦ ğŸ˜· https://t.co/yYSLPIO7rD,[]
2021-04-21 20:26:29,1384966792423120898,"""Development of the AstraZeneca/Oxford vaccine is estimated as having been 97% publicly funded. The subsidies and advance-purchases reduced firms' risk and ensured that successful companies would be amply rewarded."" https://t.co/FPF6KXOcAy",[]
2021-04-21 20:26:25,1384966774261784577,@deepadoc @amritabhinder Please dial 1950 for COVID GGN helpline. ESI Hospital has beds available.... pls do check again in morning,[]
2021-04-21 20:26:24,1384966770243645441,3 Covid care centres for police in Capital https://t.co/W4iKNglDl6,[]
2021-04-21 20:26:01,1384966674512756738,"Students are treated badly here, they have to set trends because of dumb policies, poor education system &amp; different courses for different classes
Covid-19 is getting worse, stop playing with the lives of students.
Reckless behavior would not acceptable.
#CancelExamsSaveStudents https://t.co/dELH2HLYCp","[{'text': 'CancelExamsSaveStudents', 'indices': [259, 283]}]"
2021-04-21 20:25:59,1384966668238168066,"@wthdidIdonow PLASMA DONORS JAIPUR   @Keshu__10  @Aniiiiish @dakuwithchaku 
#covid #jaipur #PLASMA","[{'text': 'covid', 'indices': [76, 82]}, {'text': 'jaipur', 'indices': [83, 90]}, {'text': 'PLASMA', 'indices': [91, 98]}]"
2021-04-21 20:25:58,1384966661669806080,"#Covaxin 100% Effective Against Severe #Covid 
vaccine developed by Hyderabad based @BharatBiotech @WHO @Reuters
https://t.co/lSgV7MHRzx https://t.co/Xumi6ecY9w","[{'text': 'Covaxin', 'indices': [0, 8]}, {'text': 'Covid', 'indices': [39, 45]}]"
2021-04-21 20:25:52,1384966635837140993,Lying in bed and battling Covid and thinking about parotta and beef in butter garlic sauce. Sigh.,[]
2021-04-21 20:25:50,1384966631319871494,"@amitmalviya EC is a toothless Tiger acting on the directions of its Master.What is the fun of putting forth a worthwhile suggestion or a proposal infront of this Forum,which would purely be in the interest of public.Further,Covid affects brain Activity nd decision making suffers.",[]
2021-04-21 20:25:45,1384966608016351236,"@ApolloInter @MoHFW_INDIA @HomeBengal @KolkataPolice @CPKolkata @MahuaMoitra @Zee24Ghanta @BanglarGorboMB @MamataOfficial @wbdhfw @WHO My father 62+ road accident victim, Diabetes patient gone after registration for COVID 19 vaccine in apollo clinic. But refused to give 1st dose. https://t.co/Kor54dKIwR",[]
2021-04-21 20:25:37,1384966573291622402,There are rumors that kore than 10 judges are covid positive. Don't know the reality. https://t.co/7YBW9EeyQA,[]
2021-04-21 20:25:32,1384966552408236038,What was the last non Covid related national news you read/saw?,[]
2021-04-21 20:25:27,1384966531604434947,Video: Doctor breaks down explaining #Covid19 situation in India https://t.co/koff3ZFmii,"[{'text': 'Covid19', 'indices': [37, 45]}]"
2021-04-21 20:25:22,1384966513338327049,à¦œà¦¨à¦ªà§à§°à¦¿à¦¯à¦¼ à¦•à¦£à§à¦ à¦¶à¦¿à¦²à§à¦ªà§€ à¦­à¦¿à¦¤à¦¾à¦²à§€ à¦¦à¦¾à¦¸ Covid 19 à¦†à¦•à§à§°à¦¾à¦¨à§à¦¤à¦¹à§ˆ à¦¸à¦¨à§à¦§à¦¿à¦¯à¦¼à¦¾ 7.5 à¦¬à¦œà¦¾à¦¤ à¦•à¦¾à¦²à¦¾à¦ªà¦¾à¦¹à¦¾à§° à¦•à¦­à¦¿à¦¡ à¦¹à¦¾à¦¸à§à¦ªà¦¤à¦¾à¦²à¦¤ à¦¶à§‡à¦· à¦¨à¦¿à¦¶à§à¦¬à¦¾à¦¸ à¦¤à§à¦¯à¦¾à¦— à¦•à§°à§‡ à¥¤ à¦¤à§‡à¦–à§‡à¦¤à§° à¦®à§ƒà¦¤à§à¦¯à§à¦¤ à¦—à¦­à§€à§° à¦¶à§‹à¦• à¦ªà§à§°à¦•à¦¾à¦¶ à¦•à§°à¦¾à§° à¦²à¦—à¦¤à§‡ à¦†à¦¤à§à¦®à¦¾à§° à¦šà¦¿à§° à¦¶à¦¾à¦¨à§à¦¤à¦¿ à¦•à¦¾à¦®à¦¨à¦¾ à¦•à§°à¦¿ à¦­à¦—à§±à¦¾à¦¨à§° à¦“à¦šà§°à¦¤ à¦ªà§à§°à¦¾à§°à§à¦¥à¦¨à¦¾ à¦œà¦¨à¦¾à¦²à§‹à¦à¥¤ https://t.co/XuSbTZqEs4,[]
2021-04-21 20:25:20,1384966502147842048,Donâ€™t take unwanted medicine and panic less : Ajay Kumar Singh who recovered from Covid speaks up! https://t.co/TjkjePBkG4,[]
2021-04-21 20:25:14,1384966479758626816,"@etvbihar @aajtak sir pse help kijiye, jamalpur bihar me railway ka sabse bada factory hai aur waha railway hospital bhi hai jo achhe condition me nahi hai, agar use railway dwara covid patient ke liye covid hospital bana diya jaye to munger ke logo ko covid se bachaya ja à¤¸à¤•à¤¤à¥‡ ha",[]
2021-04-21 20:25:14,1384966476650647552,@amitmalviya Amitji there is a sinister attempt by KMGs UNs TTGs and Gupkars to link Modiji Admn with Covid 2.0 and make it a issue for 2024. You have a huge task to expose them. Best wishes. In 2024 itâ€™s 400+. Modiji ho tho mumkin hai.,[]
2021-04-21 20:25:13,1384966474813542400,"@dubash @ramana1729 Optics. May not be needed right now. A covid helpline and covid task force should be able to adress the current issues. More to do with managing chaos due to fake news, hoardings, and blackmarketing. Who will take orders from who issue with the entry of Army personnel.",[]
2021-04-21 20:25:10,1384966462897524736,Now this Time education minister also get positive Covid-19 and students are facing mental stress due to postpone of exam pls sir get well soon and cancel board of class 12 @SonuSood @DrRPNishank @cbseindia29 #cancel12thboardexams2021,"[{'text': 'cancel12thboardexams2021', 'indices': [209, 234]}]"
2021-04-21 20:25:06,1384966442857242631,"New #coronavirus variant in West Bengal. But elections &amp; rallies must go on!
#COVIDIOTS #COVIDSecondWaveInIndia
#Covid #CoronavirusPandemic #BengalElections2021

https://t.co/5nWWvWzY15","[{'text': 'coronavirus', 'indices': [4, 16]}, {'text': 'COVIDIOTS', 'indices': [81, 91]}, {'text': 'COVIDSecondWaveInIndia', 'indices': [92, 115]}, {'text': 'Covid', 'indices': [116, 122]}, {'text': 'CoronavirusPandemic', 'indices': [123, 143]}, {'text': 'BengalElections2021', 'indices': [144, 164]}]"
2021-04-21 20:24:48,1384966368139829252,@MrsGandhi @Manesha76 @curlykrazy07 Happy bday @curlykrazy07 ...Have a super one .... donâ€™t let the COVID dampen ur spirits ğŸ˜ğŸ˜.... n stay safe,[]
2021-04-21 20:24:46,1384966359621283843,"Don't know which thing will happen first, my Wazirx kyc or end of covid",[]
2021-04-21 20:24:44,1384966353975717888,"@aiwe_hi Hello aiwe_hi - Reach out to potential COVID-19 recovered plasma donors through portals, apps &amp; contact details

Daily COVID-19 trends as of 22 Apr 01AM ğŸ‡®ğŸ‡³:
+ve: 315552ğŸ”¼
Recovery: 179407ğŸ”¼
Death: 2101ğŸ”¼
Tot. Active: 2284248ğŸ”¼
TPR (L7D Avg): 17.8ğŸ”¼

#plasma https://t.co/sKWunZ1zyI","[{'text': 'plasma', 'indices': [258, 265]}]"
2021-04-21 20:24:42,1384966343116705793,"@JhaSanjay Stomach upset can be cured in 10-15 rupees. If SII can give the same rate to both center and state.
And what's the use of COVID fund of center can't purchase it.??",[]
2021-04-21 20:24:39,1384966331527843840,"Congress leaders Shashi Tharoor, Adhir Chowdhury test positive for Covid-19
 https://t.co/MB6VdwFAJ6",[]
2021-04-21 20:24:26,1384966277949755405,"Now that's the worth of this PCR testing.
 
*One feels like banging the head on the wall for being played so dumbly uptil now with classic figure fudging &amp; PCR being used as the diagnostic tool 
#VaccineInjury
#Covid
#Plandemic https://t.co/LHgEj0LiLA","[{'text': 'VaccineInjury', 'indices': [199, 213]}, {'text': 'Covid', 'indices': [214, 220]}, {'text': 'Plandemic', 'indices': [221, 231]}]"
2021-04-21 20:24:21,1384966257821241347,"Appealing all those recovered from #COVID to donate Plasma. The unprecedented crisis needs our collective efforts.

Don't stop after recovery - Help others recover too

#DonatePlasma
#DonateBloodSaveLives
@CharuPragya @TeenaJha @BJYMforDelhi @The_NehaJoshi
@Tejasvi_Surya https://t.co/b8vyR8BXEf","[{'text': 'COVID', 'indices': [35, 41]}, {'text': 'DonatePlasma', 'indices': [169, 182]}, {'text': 'DonateBloodSaveLives', 'indices': [183, 204]}]"
2021-04-21 20:24:14,1384966226959601669,"What an achievement â¦@PMOIndiaâ© ?
We used to have real visionary &amp; proactive leaders as PMs. 
Unfortunately we made a mistake that we aim to rectify in 2024. 
But if you have any grace &amp; love for India left please resign forthwith! https://t.co/6vhhyIMdlY",[]
2021-04-21 20:24:02,1384966174396620801,"Three-dose Chinese vaccine for COVID-19 gets approval for human trials in Pakistan

Now read it again, slowly

""for human trials""

Happy jabbing sheeple! https://t.co/f6mBDTzSb6",[]
2021-04-21 20:23:59,1384966163097079808,"@anjushaa @Krishna11056193 @narendramodi What Mam.
Central Government is alerting us constantly
As a citizen of India we should play a vital role in speardiing awareness and Precautions with Strict Covid Protocol ğŸ™",[]
2021-04-21 20:23:57,1384966154968604672,Do you mean she is more deadly virus than Covid-19? https://t.co/O0ldAfsyM5,[]
2021-04-21 20:23:51,1384966128154431490,"We need such leadership 
A Hope of India.

Must watch his Constribution
Through out the Covid Era.
Very much Inspiring.
A man who makes a big difference with Limited Resources. 

Cc : @steve_hanke 
@JohnsHopkins 
@EricTopol https://t.co/spqBb78A2y",[]
2021-04-21 20:23:45,1384966103890341889,"Nenu twitter chala mandi ni chusa
Congrats 7k followers ,8k etc ani
Antha mandi lo okaru Covid plasma arrange chayalara anukunte need una valaki kani chayaru bcz its jst a show dani miru promote chydm
Sati manshi pranalaki help rani followers unte antha lekunte antha
According me",[]
2021-04-21 20:23:40,1384966085942956035,"And for this shutdown of sterlite copper Industry India became net importer of copper for the first time in 18 years. Even we are lagging behind Pakistan. 
#DelhiHC 
#Covid
https://t.co/3SDJcYYGkr https://t.co/pUZ9SIPtMQ","[{'text': 'DelhiHC', 'indices': [156, 164]}, {'text': 'Covid', 'indices': [166, 172]}]"
2021-04-21 20:23:38,1384966075796885507,"According to @SerumInstIndia there will 3 category for covid-19 vaccine in India
1. 250 Rs for central Government Hospitals
2. 400 Rs for state Government Hospitals
3. 600 Rs for Private Hospitals
I want to know how @PMOIndia @CimGOI @MoHFW_INDIA will control the black marketing?",[]
2021-04-21 20:23:35,1384966064384192518,@AdminLKO @myogiadityanath Govt should try to decentralise the information regarding availability of beds in covid hospitals by making it publicly available through a website on the internet. The data should be updated regularly by nodal officers akin to https://t.co/h0SB4ABIhU,[]
2021-04-21 20:23:21,1384966005546491908,While it's #curfew in Delhi my sister goes to her Gurgaon based job everyday. All she hears in that 1.5 hr  journey is ambulances siren. Gurgaon offices that can take wfh are calling employees to work. @mlkhattar no #lockdown in Haryana is proving deadly for Delhi in #Covid,"[{'text': 'curfew', 'indices': [11, 18]}, {'text': 'lockdown', 'indices': [216, 225]}, {'text': 'Covid', 'indices': [268, 274]}]"
2021-04-21 20:23:12,1384965965939609603,"I so wish you or your family does not get it because no it is not like a Viral I lost my mamu from Covid , I myself got this viral and I have never felt this weak mentally and physically in my entire life. This is not just a Viral it is much freaking more den that it makes you",[]
2021-04-21 20:22:57,1384965902702153732,iâ€™d be enjoying the fuck outta my final teenage years only if some people took covid seriously when covid wasnâ€™t that serious and waited till everything was perfectly okay,[]
2021-04-21 20:22:57,1384965902106562562,"#stopwatchingnewschannels I think news channels reporting  are very much dangerous in Comparison of Covid -19 virus. 
Please stop watching News.
News channels are spreading Corona in people's mind. They are playing with mental health.","[{'text': 'stopwatchingnewschannels', 'indices': [0, 25]}]"
2021-04-21 20:22:55,1384965896964280322,@The_Karishma He did recover last year against the original strain. #Covid #Lupus #India. Please check your DM,"[{'text': 'Covid', 'indices': [68, 74]}, {'text': 'Lupus', 'indices': [75, 81]}, {'text': 'India', 'indices': [82, 88]}]"
2021-04-21 20:22:46,1384965855746867201,New post (Covid-19 disrupts cricket in Pattaya again â€“ an update) has been published on Thai Suggest - https://t.co/t2Fsymi4RP - https://t.co/dsf78HcXnZ,[]
2021-04-21 20:22:45,1384965852638941184,"India records 3.15 lakh COVID cases today - The highest number recorded by any country so far. ğŸ˜¢

Kya ye Chunav aur kumbh ka asar hai ?",[]
2021-04-21 20:22:43,1384965844824903681,"@PMOIndia take the covid rule violations fines in digital cash. Else it will be digested by the police, and traffic police who are collecting it.",[]
2021-04-21 20:22:38,1384965824017014784,"@JaganRe94350318 @azeemrishi @sanket @BiasedArnab like the way modi runs this country?? really?? in the pendamic situation like covid all over the world situation is tense how can modi ji export millions of vaccine?? he had whole year to handle but he went for election rally 
I pity your thinking ğŸ¤¦",[]
2021-04-21 20:22:37,1384965819831042050,@NizamiAzfar Today lhr is on 23% rise in covid cases n kachi on 13% wch means it's increasing 4500 cases on daily basis bt we r stil thinking n wil keep thinking till thgs go out of hand,[]
2021-04-21 20:22:31,1384965794585526277,"@BJP4UP Time se COVID RTPCR report nahi mil rahi
HR CT SCAN report nahi mil rahi
Mother ka oxygen level kaam hua ja raha hai.
Koi hospitalized nahi kar raha 
Aur Oxygen bhi nahi mil rahi@PRAYAGRAJ",[]
2021-04-21 20:22:31,1384965792962334721,"@SarthakGoswamii  please spread the word bhai ğŸ™
#covid #COVIDSecondWaveInIndia #COVID19India https://t.co/ruKFBQonZ9","[{'text': 'covid', 'indices': [48, 54]}, {'text': 'COVIDSecondWaveInIndia', 'indices': [55, 78]}, {'text': 'COVID19India', 'indices': [79, 92]}]"
2021-04-21 20:22:28,1384965782690582528,"My days are going in a daze, most of the day is going in managing covid + relatives by taking advice from my husband, everyone's anxious, so obviously everyone has a million queries, each family has atleast 3 patients. Then have to find beds for people.",[]
2021-04-21 20:22:28,1384965780228526082,"Wow Great @DRDO_India @myogiadityanath 
.
LCA Tejas oxygen technology to be used for Covid patients, UP places orders for 5 plants  .
.
https://t.co/vPaR5Fon49",[]
2021-04-21 20:22:19,1384965745319321602,"ÙˆØ²Ø§Ø±Ø© Ø§Ù„ØµØ­Ø© Ø§Ù„Ø¹Ø§Ù…Ø© ØªØµØ¯Ø± ØªØ­Ø¯ÙŠØ«Ø§Ù‹ Ù„Ø¨Ø±ÙˆØªÙˆÙƒÙˆÙ„ Ø§Ù„Ø­Ø¬Ø± Ø§Ù„ØµØ­ÙŠ ÙˆØ§Ø®ØªØ¨Ø§Ø± Ø§Ù„Ø£ÙØ±Ø§Ø¯ ÙÙŠ Ø³ÙŠØ§Ù‚ #Covid_19 
ğŸ‘‡ğŸ¼
https://t.co/DS6MawW5kr

â­•ï¸ Ø³ÙŠØ¨Ø¯Ø£ Ø§Ù„Ø¹Ù…Ù„ Ø¨Ù‡Ø°Ø§ Ø§Ù„Ø¨Ø±ÙˆØªÙˆÙƒÙˆÙ„ Ø§Ø¹ØªØ¨Ø§Ø±Ø§Ù‹ Ù…Ù† ÙŠÙˆÙ… Ø§Ù„Ø§Ø­Ø¯ Ø§Ù„Ù…Ù‚Ø¨Ù„ 25 Ø£Ø¨Ø±ÙŠÙ„ 2021

#Ù‚Ø·Ø± 
#Kj_News https://t.co/KO6NSrwcuN","[{'text': 'Covid_19', 'indices': [78, 87]}, {'text': 'Ù‚Ø·Ø±', 'indices': [192, 196]}, {'text': 'Kj_News', 'indices': [198, 206]}]"
2021-04-21 20:22:17,1384965735362048006,Apprecition Tweet for All These Cricketers Who Are Going 100s Of Covid Tests ğŸ™ŒğŸ™ŒğŸ™Œ,[]
2021-04-21 20:22:04,1384965682773864456,@beingarun28 Getting close in COVID cases.,[]
2021-04-21 20:22:02,1384965673147842569,"I think news channels reporting  are very much dangerous in Comparison of Covid -19 virus. 
Please stop watching News.
News channels are spreading Corona in people's mind. They are playing with mental health.",[]
2021-04-21 20:21:58,1384965654374227969,"Remedesivir Jaipur any lead URGENT
@Aniiiiish @dakuwithchaku @Keshu__10 
#covid #Remdesivir #urgent #jaipur","[{'text': 'covid', 'indices': [73, 79]}, {'text': 'Remdesivir', 'indices': [80, 91]}, {'text': 'urgent', 'indices': [92, 99]}, {'text': 'jaipur', 'indices': [100, 107]}]"
2021-04-21 20:21:56,1384965645876580353,"Div Com Jammu directed ASCOMS and Narayana Hospitals to increase bed capacity for Covid-19 cases with all necessary facilities like ICU, Ventilators. Also directed both the institutions to regularly share details of bed occupancy with MD NHM and Director Health Services. https://t.co/emA4uwsLcm",[]
2021-04-21 20:21:54,1384965641073999872,"Rajbagh JAMIA MASJID 
#Lal_chowk_srinagar
#COVID-19
#lockdown2021
#JantaCurfewChallenge
#stay_home_stay_safe
#srinagarkashmir #jktourism
#Kashmir_Riding
#ØªÙƒØ§ØªÙ_Ø§Ù„Ø´Ø¹Ø¨_Ø§Ù„Ø³Ø¹ÙˆØ¯ÙŠ #Ø¬Ø±ÙŠÙ…Ù‡_ØµØ¨Ø§Ø­_Ø§Ù„Ø³Ø§Ù„Ù… #Ù…Ù…Ù†ÙˆØ¹_Ø§Ù„ØªØ¬ÙˆÙ„ #Ø£Ù†ÙØ§Ù„_ÙÙŠ_Ø®Ø·Ø± https://t.co/AY3sqpnbTJ","[{'text': 'Lal_chowk_srinagar', 'indices': [22, 41]}, {'text': 'COVID', 'indices': [42, 48]}, {'text': 'lockdown2021', 'indices': [52, 65]}, {'text': 'JantaCurfewChallenge', 'indices': [66, 87]}, {'text': 'stay_home_stay_safe', 'indices': [88, 108]}, {'text': 'srinagarkashmir', 'indices': [109, 125]}, {'text': 'jktourism', 'indices': [126, 136]}, {'text': 'Kashmir_Riding', 'indices': [137, 152]}, {'text': 'ØªÙƒØ§ØªÙ_Ø§Ù„Ø´Ø¹Ø¨_Ø§Ù„Ø³Ø¹ÙˆØ¯ÙŠ', 'indices': [153, 173]}, {'text': 'Ø¬Ø±ÙŠÙ…Ù‡_ØµØ¨Ø§Ø­_Ø§Ù„Ø³Ø§Ù„Ù…', 'indices': [174, 192]}, {'text': 'Ù…Ù…Ù†ÙˆØ¹_Ø§Ù„ØªØ¬ÙˆÙ„', 'indices': [193, 206]}, {'text': 'Ø£Ù†ÙØ§Ù„_ÙÙŠ_Ø®Ø·Ø±', 'indices': [207, 220]}]"
2021-04-21 20:21:53,1384965634182852608,"COVID-19: Indrani Mukherjea, 38 other inmates of Mumbaiâ€™s Byculla Jail test positive for theÂ virus https://t.co/SCJnAUAW8H",[]
2021-04-21 20:21:44,1384965598942220290,@shawtysooobad oh god u reminded me of life before covid now when i used to go to turf everyday,[]
2021-04-21 20:21:44,1384965598774546432,"COVID'19 - No beds are available at Chennai. 
Last 2 hrs my friend facing breathing issue and he visited Apollo, global, prashant hospital and now going to chittinadu hospital... 
I don't know who is responsible for,finally  my friend is struggling pls help. 
@Vijayabaskarofl sir",[]
2021-04-21 20:21:41,1384965583989583874,"Oman banner travels to India,Pakistan and Bangladesh indefinitely.
#Bangladesh #Oman #Covid #travelban https://t.co/NirufXgZaL","[{'text': 'Bangladesh', 'indices': [67, 78]}, {'text': 'Oman', 'indices': [79, 84]}, {'text': 'Covid', 'indices': [85, 91]}, {'text': 'travelban', 'indices': [92, 102]}]"
2021-04-21 20:21:38,1384965571998007303,"@Mahaveer_PYadav à¤«à¤¿à¤° à¤¤à¥‹ à¤†à¤ª à¤¯à¥‡ à¤­à¥€ à¤®à¤¤ à¤•à¤¹à¥‹  à¤®à¥‹à¤¦à¥€ à¤¨à¥‡ à¤¹à¥€ à¤•à¥‹à¤°à¥‹à¤¨à¤¾ à¤•à¥‹ à¤°à¥‹à¤•à¤¾ à¤¤à¤¬ à¤†à¤ª à¤­à¥‚à¤² à¤œà¤¾à¤à¤‚à¤—à¥‡ à¤•à¤¿ à¤°à¤¾à¤œà¥à¤¯ à¤¸à¤°à¤•à¤¾à¤° à¤¨à¥‡ à¤­à¥€ à¤‰à¤¤à¤¨à¥‡ à¤¹à¥€ à¤ªà¥à¤°à¤¯à¤¾à¤¸ à¤•à¤¿à¤ à¤¹ à¤œà¤¿à¤¤à¤¨à¥‡ à¤•à¥‡à¤‚à¤¦à¥à¤° à¤¨à¥‡ à¤•à¤¿à¤¯à¤¾ à¤¹à¥ˆ  à¤†à¤ª à¤¸à¥€à¤§à¥‡ à¤†à¤°à¥‹à¤ª à¤¨à¤¹à¥€à¤‚ à¤²à¤—à¤¾ à¤¸à¤•à¤¤à¥‡..... For your kind information State govt. Is going to build 6000 bed covid hospital in Tonk. 
@DrVikramJMCian https://t.co/J5dcNbGZ2b",[]
2021-04-21 20:21:37,1384965567556329479,Indian Govt redirects Remdesivir to 19 states with heavy Covid-19Â burden https://t.co/m93PPXP8fa,[]
2021-04-21 20:21:25,1384965517526581253,Delhi HC pulls up Centre for not diverting sufficient oxygen to hospitals for COVID-19 patients | IndiaÂ News https://t.co/CeCdvzyoUH,[]
2021-04-21 20:21:24,1384965515035168775,"@deepadoc @amritabhinder Verified: 5:30 PMâœ…âœ…âœ…âœ…

For people not getting beds in Delhi, Gurgaon and rest NCR, there are 600 beds available in Nalhar Medical College, Nuh, in Mewat.

It's a tertiary care covid hospital with two advance lifesaving ambulance &amp; covid sampling lab.

Contact: 01267-282007",[]
2021-04-21 20:21:21,1384965502037110785,@MonaAlamm ğŸ¤·ğŸ»â€â™‚ï¸world is worried about and fighting covid but Pakistanis are stuck with blasts ğŸ¤¦ way to go Pakistanis ğŸ‘,[]
2021-04-21 20:21:05,1384965433372065793,"I am supposed to travel on 5th May but on 19 th april I find out that I am covid positive if I will get negative results before 3 rd May will I be able to board my flight?
@CitImmCanFR",[]
2021-04-21 20:21:05,1384965432751366153,Covid second wave is the proof that if you give your ex another chance they'll damage you more badly: Just a thought,[]
2021-04-21 20:21:03,1384965426300530696,Covid 19 ka quarantine jay bhaarh mein cigarettes muk gay ne ğŸ˜‘,[]
2021-04-21 20:21:03,1384965423486091264,"21 April 2021

Confirmed Covid:       3, 15, 552
Deceased                      2101

Maharashtra         568
Karnataka              116
Uttar Pradesh        187
Delhi                        249
Gujarat                    125
36 Garh                    193",[]
2021-04-21 20:21:01,1384965419140792325,"@myogioffice @myogiadityanath Time se COVID RTPCR report nahi mil rahi
HR CT SCAN report nahi mil rahi
Mother ka oxygen level kaam hua ja raha hai.
Koi hospitalized nahi kar raha 
Aur Oxygen bhi nahi mil rahi@PRAYAGRAJ",[]
2021-04-21 20:21:01,1384965415919566863,"Covid ki vaccine khair jab aaye tab aaye tumhare paas lekin
Yeh Jo nafrat ki vaccine tum le rahe ho roz dose by dose yeh zaroor tum main ghule insaaniyat k virus ko maar degi.....

Ps: detox kar lo warna pachtaoge!
Jai Hind ğŸ‡®ğŸ‡³",[]
2021-04-21 20:21:00,1384965413600174083,"@deepadoc Satyawati Harishchand #Hospital, Narela, #Delhi-110040

Only normal covid beds were available by 11 PM(verified) 

Ph: 01127787008, 01127781044

Contact them for confirmation if needed further.","[{'text': 'Hospital', 'indices': [32, 41]}, {'text': 'Delhi', 'indices': [51, 57]}]"
2021-04-21 20:20:57,1384965400056696836,à¤²à¤²à¤¿à¤¤à¤ªà¥à¤° à¤¸à¥‡ à¤à¤¾à¤‚à¤¸à¥€ 100 km à¤¦à¥‚à¤° à¤¹à¥ˆ à¤µà¤¹à¤¾à¤‚ à¤­à¥€ à¤à¤• à¤¹à¥€ covid à¤¹à¥‰à¤¸à¥à¤ªà¤¿à¤Ÿà¤² à¤¹à¥ˆ à¥¤ à¤…à¤¬ à¤•à¥‹à¤ˆ à¤®à¤°à¥€à¤œà¤¼ à¤…à¤—à¤° covid à¤ªà¥‹à¤¸à¤¿à¤Ÿà¤¿à¤µ à¤†à¤¤à¤¾ à¤¹à¥ˆ à¤¤à¥‹ à¤‰à¤¸à¤•à¥‹ 1 à¤¹à¤° journey à¤•à¤°à¤•à¥‡ à¤à¤¡à¤®à¤¿à¤Ÿ à¤•à¤¿à¤¯à¤¾ à¤œà¤¾à¤¤à¤¾ à¤¹à¥ˆ à¥¤  à¤¬à¥‡à¤¸à¤¿à¤• à¤‘à¤•à¥à¤¸à¥€à¤œà¤¨ à¤µà¤¾à¤²à¥‡ à¤¬à¥‡à¤¡ à¤”à¤° à¤‡à¤²à¤¾à¤œ à¤•à¥‡ à¤²à¤¿à¤ à¤à¤• à¤Ÿà¥€à¤® à¤•à¥‹ à¤¯à¤¹à¤¾à¤ à¤¨à¤¹à¥€ à¤­à¥‡à¤œà¤¾ à¤œà¤¾ à¤¸à¤•à¤¤à¤¾ à¤•à¥à¤¯à¤¾ à¥¤ @UPGovt @AnuraagJhansi @TheLallantop,[]
2021-04-21 20:20:55,1384965390057476099,Cremation count casts doubt over Covid death data in Chandigarh and Panchkula https://t.co/O3iOcvx8Hl,[]
2021-04-21 20:20:51,1384965376417599490,"Powerful Private colleges operating 100 percent in Punjab. If #NCOC @Shafqat_Mahmood, @Asad_Umar, @nhsrcofficial â€˜s only job is to frighten nation about increasing cases, who will stop violation of Covid-19 SOPs. Below is video of Punjab Colleges Bahawalpur. https://t.co/tfxPa796wL","[{'text': 'NCOC', 'indices': [62, 67]}]"
2021-04-21 20:20:48,1384965361175613440,Y did he slept for 1.30 mins. Just to realise that officers have make mistake in covid 19. He must b thinking in 1.30 who to blame https://t.co/CoVP9pFS4y,[]
2021-04-21 20:20:47,1384965360424718346,"Well..... 

COvid has already provided an opportunity to Youngsters....

For Supply Chain and Retail Management..... 

Post Pandemic.... Normal.... 

Work will ease the Job Responsibilities... 

In fact I must say... 

Make yourself effortlessly quick decision maker...",[]
2021-04-21 20:20:40,1384965329999302660,"People are suffering from Corona - Covid 19 disease but they are dying due to lack of facilities (Oxygen, Ventilators, Beds). Please read once again.
#COVIDEmergency2021","[{'text': 'COVIDEmergency2021', 'indices': [150, 169]}]"
2021-04-21 20:20:40,1384965327583420418,"Last year, @WHO was defending on calling out Wuhan virus or china virus instead of covid-19. But now it's okay to geo tag them as UK variant, brazil variant, indian mutant etc. 
#Hypocrisy #DoubleStandard https://t.co/wx7hfdwWGk","[{'text': 'Hypocrisy', 'indices': [178, 188]}, {'text': 'DoubleStandard', 'indices': [189, 204]}]"
2021-04-21 20:20:31,1384965292724523009,"""In this covid be safe and healthy, bcz you dont know you live today but not tomorrow.?""

#Pune #PuneFightsCorona #hadapsar #arunabh #arunabhnation #arunabhfam #whyshould___iiii #_arunxbhpvt_ #COVIDEmergency2021 #CoronaCurfew #2021 #lockdown #lockdown2021 #StayHome #StaySafe ğŸ™","[{'text': 'Pune', 'indices': [90, 95]}, {'text': 'PuneFightsCorona', 'indices': [96, 113]}, {'text': 'hadapsar', 'indices': [114, 123]}, {'text': 'arunabh', 'indices': [124, 132]}, {'text': 'arunabhnation', 'indices': [133, 147]}, {'text': 'arunabhfam', 'indices': [148, 159]}, {'text': 'whyshould___iiii', 'indices': [160, 177]}, {'text': '_arunxbhpvt_', 'indices': [178, 191]}, {'text': 'COVIDEmergency2021', 'indices': [192, 211]}, {'text': 'CoronaCurfew', 'indices': [212, 225]}, {'text': 'lockdown', 'indices': [232, 241]}, {'text': 'lockdown2021', 'indices': [242, 255]}, {'text': 'StayHome', 'indices': [256, 265]}, {'text': 'StaySafe', 'indices': [266, 275]}]"
2021-04-21 20:20:15,1384965222927065090,"#DRDO is making 700 beds Covid hospital in Varanasi,200and 250 beds hospital in Delhi, 900 beds hospital in Ahemdabad and 450 beds covid hospital in Lucknow. But vultures are walking with their cameras at morgue and samshanghats. They have permanent job to spread fear.","[{'text': 'DRDO', 'indices': [0, 5]}]"
2021-04-21 20:20:04,1384965176085057542,While getting vaccinated check you're not #Covid+. To be more sure you can test before shot. As some of my relatives who were not well (probly C19) &amp; got vaccinated faced severe health issues.Idk what but infection increases lot. So be sure you're not C19+ before #COVID19Vaccine,"[{'text': 'Covid', 'indices': [42, 48]}, {'text': 'COVID19Vaccine', 'indices': [268, 283]}]"
2021-04-21 20:20:00,1384965159853117442,"Even now can we stop ourselves to find who is responsible for this all crisis India facing right now. 
Last year when 1st wave of COVID was about to spread all over India, our CentGov was busy in managing Maharaj and this year was busy in #Didiodidi .
Doesn't #IndianLivesMatter ?","[{'text': 'Didiodidi', 'indices': [239, 249]}, {'text': 'IndianLivesMatter', 'indices': [260, 278]}]"
2021-04-21 20:19:54,1384965136721514500,Why Puerto Rico Is a Tempting CovidÂ Getaway https://t.co/sbcdpP9y1c,[]
2021-04-21 20:19:44,1384965093532868611,"@nakulvibhor Boss,any lead for oxygen cylinder in lucknow for home isolate patient.   One of my friends mother is covid positive and oxygen level is going low .",[]
2021-04-21 20:19:43,1384965090798194691,"@stephenyoungj @Feshty1 @cryptoJTT Exactly, and world has changed, itâ€™s not 2017-18 anymore we are in 2021,  more importantly #Covid has changed everything. IMO 
$VET #VET #VeChain #VeFam #cryptocurrency #blockchain #altcoin #ALTSEASON","[{'text': 'Covid', 'indices': [126, 132]}, {'text': 'VET', 'indices': [167, 171]}, {'text': 'VeChain', 'indices': [172, 180]}, {'text': 'VeFam', 'indices': [181, 187]}, {'text': 'cryptocurrency', 'indices': [188, 203]}, {'text': 'blockchain', 'indices': [204, 215]}, {'text': 'altcoin', 'indices': [216, 224]}, {'text': 'ALTSEASON', 'indices': [225, 235]}]"
2021-04-21 20:19:42,1384965087769858058,"News channels should be banned immediately for spreading fear, creating chaos, unrest and stress during Covid Era

#Media_Is_The_New_Terrorist

@narendramodi_in @narendramodi @PrakashJavdekar @nitin_gadkari @AmitShah @AmitShahOffice @aajtak","[{'text': 'Media_Is_The_New_Terrorist', 'indices': [115, 142]}]"
2021-04-21 20:19:42,1384965083697225736,"@indiacares_2020 @arunbothra @thebetterindia @AwanishSharan @_pradeepsingh_ @arunbothra @drshalinisdiet @theskindoctor13 @INCJhansi #Jhansi
Please help....
#OxygenCylinders #COVIDSecondWaveInIndia 
#covid__19 https://t.co/J1ajgvND9G","[{'text': 'Jhansi', 'indices': [132, 139]}, {'text': 'OxygenCylinders', 'indices': [156, 172]}, {'text': 'COVIDSecondWaveInIndia', 'indices': [173, 196]}, {'text': 'covid__19', 'indices': [198, 208]}]"
2021-04-21 20:19:32,1384965044425854979,"Our country now in problem!
#COVIDSecondWaveInIndia #Covid #ModiGovtSeNaHoPayega #ModiMadeDisaster 
Please do something! ğŸ™ğŸ™
I have no word ğŸ˜­ https://t.co/HfqC2oLaWP","[{'text': 'COVIDSecondWaveInIndia', 'indices': [28, 51]}, {'text': 'Covid', 'indices': [52, 58]}, {'text': 'ModiGovtSeNaHoPayega', 'indices': [59, 80]}, {'text': 'ModiMadeDisaster', 'indices': [81, 98]}]"
2021-04-21 20:19:32,1384965043272441861,"Indeed
 https://t.co/WyYeogMRC1",[]
2021-04-21 20:19:24,1384965012268228610,@timesofindia @RahulGandhi Pappu aandhi is back :) seems like Covid has reached his empty brain,[]
2021-04-21 20:19:22,1384965003342749697,@ZaidZamanHamid Oh come on I can't believe.... many people around us have died .. if I see the ratio then I believe yeah Covid-19 is not fake .. So please dont confuse people and encourage them to follow SOPs so that we can prevent lock down .,[]
2021-04-21 20:19:22,1384965003091009542,"Comme disaient les Shadoks: Â«Ce n'est qu'en essayant continuellement que l'on finit par rÃ©ussir. En d'autres termes, plus Ã§a rate et plus on a de chances que Ã§a marche.Â»
C'est exactement ce qu'il faut faire avec les vaccins contre la covid-19. https://t.co/EeLuJAINVy",[]
2021-04-21 20:19:22,1384965001883099137,"@KreatelyMedia @rksharma5o5o Thank god , muteted RNA VIRUS me spikes nd genetic structure pra chenge ho jta , jisko hmara immune system identify nai kar pta jis wajah se antybodies nai ban pati aur rapidially lungs k tissues ko penetrate kr havy damage de dta h ,mujhe phle se yakin tha covid sield ifctv hga",[]
2021-04-21 20:19:18,1384964983528755202,"Agar kisi ko ye pta ho ki Positive aane k kitne din baad Vaccine lgwa skte hai to please let me know. ğŸ™ğŸ»
#Covid
#COVIDSecondWaveInIndia 
@CharuPragya @TajinderBagga @HarishKhuranna @brajeshlive @ashishMib @WHO @anujias09 
@ashutoshaLive","[{'text': 'Covid', 'indices': [105, 111]}, {'text': 'COVIDSecondWaveInIndia', 'indices': [112, 135]}]"
2021-04-21 20:19:13,1384964963454816264,"@AndrewRathore I have data of covid 19 org, and even then what I pointed,think of that!",[]
2021-04-21 20:19:06,1384964935155916804,"@aajtak sir please help kijiye, jamalpur bihar me railway ka sabse bada factory hai aur waha railway hospital bhi hai jo achhe condition me nahi hai, agar use railway dwara covid patient ke liye covid hospital bana diya jaye to munger ke logo ko covid se bachaya ja sakta hai",[]
2021-04-21 20:18:53,1384964880646672386,"#HSC 12th students are facing a tough time already many of them  are going through mental stress and depression as well many are home quarantined , infected to Covid -19. Request to @VarshaEGaikwad to #cancel12thboardexams for health and safety of all students. @CMOMaharashtra","[{'text': 'HSC', 'indices': [0, 4]}, {'text': 'cancel12thboardexams', 'indices': [201, 222]}]"
2021-04-21 20:18:47,1384964855799615490,"à¤ªà¤Ÿà¤¨à¤¾ à¤•à¥‡ à¤®à¥‡à¤¦à¤¾à¤‚à¤¤à¤¾ à¤®à¥‡à¤‚ 100 à¤¬à¥‡à¤¡à¥à¤¸ covid-19 à¤•à¥‡ à¤®à¤°à¥€à¤œà¥‹à¤‚ à¤•à¥‡ à¤²à¤¿à¤ à¤‰à¤ªà¤²à¤¬à¥à¤§ à¤¹à¥ˆà¤‚à¥¤
à¤œà¤°à¥‚à¤°à¤¤à¤®à¤‚à¤¦ à¤²à¥‹à¤— à¤œà¤²à¥à¤¦à¥€ à¤•à¤°à¥‡à¤‚à¥¤ 

Verified - 1:20 AM

#patna #bihar","[{'text': 'patna', 'indices': [115, 121]}, {'text': 'bihar', 'indices': [122, 128]}]"
